NORAD_CAT_ID,OBJECT_NAME,OBJECT_CLASS,COUNTRY_CODE,TLE_LINE1,TLE_LINE2,MASS
25544,ISS (ZARYA),Payload,US,1 25544U 98067A   23001.00000000  .00016717  00000-0  10270-3 0  9005,2 25544  51.6400 208.9163 0002602  53.4839  38.5726 15.49677240000000,419725
43013,STARLINK-1007,Payload,US,1 43013U 19029BH  23001.00000000  .00001076  00000-0  86891-4 0  9994,2 43013  52.9986 270.4865 0001453  95.5327 264.5988 15.05539573000000,260
48274,STARLINK-2388,Payload,US,1 48274U 21036AH  23001.00000000  .00002418  00000-0  17481-3 0  9997,2 48274  53.0546 209.9749 0001315  81.5162 278.6095 15.06411850000000,260
